{"modelling":{"id":"c60e66c52f508e494b633dc9033e62a1f025e164","trg_seq":"PQITLWQRPIVNIQIEGQIKEALLDTGADDTVLEDIELPGKWKPKMIGGIGGFIKVKQYDQVTVNICGHKAVGTVLVGPTPVNIIGRNLLTQLGCTLNF","tpl_seq":"PQITLWKRPLVTIRIGGQLKEALLDTGADDTVLEEMNLPGKWKPKMIGGIGGFIKVRQYDQIPVEICGHKAIGTVLVGPTPVNIIGRNLLTQIGCTLNF","pdb_id":"3i7e","chain":"A","method":"X-RAY DIFFRACTION","short_method":"X-ray","coverage":1.0,"resolution":1.7000000476837158,"description":"HIV-1 protease","seq_sim":0.5804713368415833,"assembly_id":1,"score":2.1022396087646484,"pred_lddt":0.9089630842208862,"seq_id":84.8484878540039,"found_by":"HHblits","oligo_state":"homo-dimer","comment":"e_value=4.4e-23, p_value=3.8e-27, score=130, ss_score=12.9, prob=99.8, gmqe_dist_const=0.928858757019043, gmqe_reduced=-0.06516211479902267, gmqe_cb_packing=0.021144064143300056, gmqe_torsion=-0.45352691411972046, gmqe_ss_agreement=0.6137515306472778, gmqe_coverage=1.0, gmqe_seq_id=84.8484878540039, gmqe_seq_sim=0.580471396446228, gmqe_n_insertions=0, gmqe_n_deletions=0, gmqe_seqres_length=99, gmqe_seqres_coverage=1.0, gmqe_profile_aln_score=130.0, gmqe_avg_entropy=1.82086181640625","offset":0,"afdb_struct_serve_idx":null,"starttime":"13-07-23 (09:27:56)","QMean":{"global_scores":{"qmean4_norm_score":0.7902135661250475,"qmean4_z_score":0.2697694129942449,"qmean6_norm_score":0.7687030572035574,"qmean6_z_score":-0.2676220547457881,"interaction_norm_score":-0.02306902752137132,"interaction_z_score":-0.33446703936068817,"cbeta_norm_score":-0.012327776381756517,"cbeta_z_score":-0.27473929993414375,"packing_norm_score":-0.3255352947115428,"packing_z_score":-0.6756426954005772,"torsion_norm_score":-0.40592929756170826,"torsion_z_score":0.6311486933530372,"ss_agreement_norm_score":0.6197737244268259,"ss_agreement_z_score":-0.31579516640389754,"acc_agreement_norm_score":0.5707070707070707,"acc_agreement_z_score":-0.9789285279379546,"avg_local_score":0.8339543914707365,"avg_local_score_error":0.059},"local_scores":{"A":[0.7209024035722914,0.64650592205502,0.8220134838728044,0.8242039021256043,0.8105829677870796,0.5992128527430485,0.6995445788060518,0.7461403701436453,0.8705072634320518,0.8590426532662955,0.8761941712769931,0.8646326924779928,0.8728398799994528,0.8291033546876435,0.8630510645757575,0.8068967703491723,0.8152473975254371,0.758071201027832,0.8055910900427106,0.8261814897372923,0.8524718761910625,0.9287073024690444,0.8968439072056031,0.894394448944226,0.8513950718497325,0.8348969800667364,0.8194991731931109,0.8475922354384917,0.8407537467435106,0.8878885752472224,0.918356131190538,0.9325400905553196,0.9053809980658833,0.8654227574224281,0.8402861278638286,0.8222991492381013,0.7927410616416054,0.8461511330297856,0.8239355651073436,0.8032839400931624,0.7941632014793812,0.8350729809472673,0.8462215281127315,0.8837672463385751,0.8266223277526289,0.7811574838475578,0.8065478768399638,0.8430860343227318,0.7861407895799077,0.6619926432826814,0.7184613385426237,0.7806476019918721,0.7402132481736505,0.8169009595941616,0.8282113743768772,0.8736432520307967,0.8690321824098728,0.8625159046319154,0.8812456514051118,0.8792720730804088,0.8324400469818675,0.884133633076961,0.8694585005016534,0.891229065618511,0.8779877149028583,0.876256436482953,0.8319263549979804,0.8330434132721177,0.8473289014380367,0.8323432964259488,0.9049911312690261,0.8858242915975603,0.9093530670822771,0.9053848447803491,0.9292901596965746,0.9155358037136673,0.9206709394452292,0.9160895807759674,0.8876654114902004,0.8749890309837778,0.8216810480994355,0.8834829739566166,0.9053945389638534,0.9111685291511052,0.9104397823386703,0.9152738609475917,0.8138372271839968,0.8954089935487342,0.9044971034912032,0.8988755693419256,0.884359535859498,0.853881395702675,0.8839402492464488,0.8938324802228443,0.8911908040869404,0.8567220931257458,0.8125611980192696,0.6728303441928373,0.5174493995222269],"B":[0.7653443879598757,0.7080768731757812,0.805674308692231,0.8036414254608667,0.8076310219055853,0.6059298658481853,0.7017544432782737,0.7495447256708521,0.8614310283261647,0.8507362009519357,0.8808383026619683,0.8753793566993424,0.8784153308972968,0.8147011689000853,0.7870313322429401,0.6633945452217008,0.748238311967226,0.7214879676907396,0.8040624954908289,0.78867134762041,0.8391402407885533,0.9275283847183303,0.8950924368623137,0.892164581720922,0.8474596641485276,0.8436633541103177,0.8228918718186308,0.8573028350123614,0.8492902643547626,0.8874044917593011,0.9162126277334773,0.9274405224618042,0.902591460905261,0.8623673206436331,0.8216124710319317,0.7772993136466475,0.7169797762823945,0.7528576636331392,0.7401637043074027,0.7773425112608351,0.7620575877673368,0.8176637512552262,0.8190597479865819,0.8827535219674978,0.8353162967669437,0.7872345769667294,0.8139392945570845,0.8166069287917647,0.6963083758381118,0.6094231816236307,0.6109379135014625,0.7632647098664056,0.7481771272279393,0.8255631092089999,0.8405406951628195,0.8863476103237657,0.8727416142920499,0.8556700331067985,0.8627694835134924,0.8573289999276704,0.8139696910993615,0.845560258949631,0.8485117095889004,0.8816766250653054,0.883380393972148,0.8791346456983476,0.850552237191038,0.8459116522488683,0.8563545339596599,0.8389396050199722,0.9036032923089687,0.8788472965205306,0.8957301938376352,0.8893106162291907,0.9111544100405924,0.9071347649615635,0.9139437109549231,0.9101676355765895,0.8500366795695723,0.8507916646952742,0.7874197262072181,0.8803451950085023,0.8979403540953492,0.9070800942615618,0.911519158361185,0.912395395070372,0.8119739575171896,0.8918351246160924,0.9015933923586967,0.8997177909558509,0.8890792075192797,0.8539445350955446,0.8870445117305114,0.9034741961547601,0.8985394648585532,0.8610387437097385,0.8141094556362755,0.6506069174117911,0.4771159442974572]},"qmean_version":"4.3.1"},"title":"Modelling","endtime":"13-07-23 (09:28:03)","mod_engine":["ProMod3"],"ProMod3":{"version":"3.3.0"},"ProMod":null,"MODELLER":null,"SPDBV":null}}