{"modelling":{"id":"6469684612dc3a20b6aec595e2b1aaee8dfbb8cc","trg_seq":"PQITLWQRPIVTIKIEGQLKEALLDTGADDTVLEDINLPGRWKPKMIGGIGGFIKVKQYDQVTIDICGKKAIGTVLIGPTPVNIIGRNMLTQIGCTLNF","tpl_seq":"PQITLWKRPLVTIRIGGQLKEALLDTGADDTVLEEMNLPGKWKPKMIGGIGGFIKVRQYDQIPVEICGHKAIGTVLVGPTPVNIIGRNLLTQIGCTLNF","pdb_id":"4f74","chain":"B","method":"X-RAY DIFFRACTION","short_method":"X-ray","coverage":1.0,"resolution":2.200000047683716,"description":"Protease","seq_sim":0.5824915766716003,"assembly_id":1,"score":2.107682943344116,"pred_lddt":0.9101045727729797,"seq_id":84.8484878540039,"found_by":"HHblits","oligo_state":"homo-dimer","comment":"e_value=7.3e-23, p_value=6.1e-27, score=129, ss_score=12.8, prob=99.8, gmqe_dist_const=0.9239907264709473, gmqe_reduced=-0.14593520760536194, gmqe_cb_packing=0.017266714945435524, gmqe_torsion=-0.5336596965789795, gmqe_ss_agreement=0.6261073350906372, gmqe_coverage=1.0, gmqe_seq_id=84.8484878540039, gmqe_seq_sim=0.5824915766716003, gmqe_n_insertions=0, gmqe_n_deletions=0, gmqe_seqres_length=99, gmqe_seqres_coverage=1.0, gmqe_profile_aln_score=129.0, gmqe_avg_entropy=1.9220937490463257","offset":0,"afdb_struct_serve_idx":null,"starttime":"13-07-23 (09:34:55)","QMean":{"global_scores":{"qmean4_norm_score":0.8190679036608932,"qmean4_z_score":0.9899057080478643,"qmean6_norm_score":0.8000442239194635,"qmean6_z_score":0.4137568308561918,"interaction_norm_score":-0.02377561882395189,"interaction_z_score":-0.21477703203273227,"cbeta_norm_score":-0.013507590640037594,"cbeta_z_score":-0.012774885373240445,"packing_norm_score":-0.36139566274453894,"packing_z_score":-0.15707098463453367,"torsion_norm_score":-0.46003180411889366,"torsion_z_score":1.0988498676509466,"ss_agreement_norm_score":0.6356131859274223,"ss_agreement_z_score":-0.20047479467581633,"acc_agreement_norm_score":0.6060606060606061,"acc_agreement_z_score":-0.6483641794055712,"avg_local_score":0.8497614427165135,"avg_local_score_error":0.059},"local_scores":{"A":[0.8619486886809185,0.7969557181905624,0.8474731222135079,0.853979050292705,0.8550936283790854,0.6404241687589708,0.7293461541676628,0.767897281188379,0.8934877618901481,0.8818004042101611,0.8984404306253929,0.8836436613613383,0.8832597769894607,0.8385643332928445,0.8586773988485992,0.7975733814941055,0.845381063501672,0.7657168080734589,0.8207479993947672,0.8213290089661325,0.8593713572588029,0.9236732610698644,0.9028358727812885,0.9013231303604756,0.8706068747961457,0.8585236675755071,0.8484521984539691,0.8706939198001223,0.8707992524737012,0.9033650327555683,0.9226170965365708,0.9266294356068345,0.8970327390577681,0.8448820236003791,0.8231577944746178,0.8072169913465705,0.79768042633532,0.8394473736220127,0.8223602760521889,0.8293769428181474,0.7797486269058201,0.8375916357570274,0.8243349698933256,0.8762062229176352,0.8256006830971593,0.7616593369861664,0.7990818778781139,0.8338287451086863,0.8083431767668017,0.7068259172263353,0.7201455704013483,0.8314726454344393,0.7955875218482071,0.7895163906136305,0.8003224179680565,0.8625992429561259,0.8597826914381457,0.8621534505626495,0.8813881322392414,0.8800014077564903,0.8361202338578518,0.8832751745499546,0.8699583516557272,0.8776214418474718,0.88202297360213,0.8784846599387233,0.8670097336578126,0.8482328369178748,0.8342823819227644,0.8224157090932371,0.8914744631997186,0.8714297623510698,0.8962305231596949,0.9075695204291236,0.9301688685552482,0.9165875649312477,0.8945656462946496,0.9088737052808268,0.8770884117488079,0.8637157031053433,0.820719894172475,0.880184914092839,0.8875749176348643,0.906086760031088,0.9098651776751605,0.9187300657333592,0.8294381344668634,0.8991865365131595,0.8848333186299507,0.902171232418174,0.8951434476859453,0.8655537927901801,0.8834274887874778,0.913000101156547,0.9068964154105739,0.8887523877727761,0.833843558352803,0.7042060833264208,0.5927683969698461],"B":[0.8375648462749863,0.7546687998897392,0.824700100050026,0.8486644862422492,0.8486353287116566,0.6299259140538918,0.7222123071395363,0.7658663407613854,0.8941192221119149,0.8843955417783499,0.9019553060759813,0.8864761561546648,0.8847623880831057,0.8284398020692603,0.8503290135614147,0.7850130997302086,0.8178026946871321,0.7742348064379199,0.8315632060992924,0.8321258067692301,0.865697161146791,0.9287981891695142,0.9067913444242581,0.9030296101013097,0.8676852971513033,0.8574597399168574,0.8459278196112359,0.878660625974808,0.8733641814030824,0.9026598633896347,0.9247126706575789,0.9337783282862616,0.9073983658763617,0.8600687505904969,0.8342760537671475,0.8183847179927799,0.7776316183935751,0.8227115996158488,0.7948667969381806,0.8077701777936681,0.764509415162965,0.8250896932422577,0.8193629954625281,0.8838855463607908,0.8437698873945594,0.8091127901953122,0.8346968589341375,0.8638805268000387,0.7898978250653016,0.7424382873898469,0.7250729211351409,0.8205479613401371,0.8006116688786706,0.8346985722680211,0.8416280079605425,0.8790378921781655,0.8777868097322318,0.8655941735233993,0.8826490299752349,0.8820240191476966,0.8322430365257348,0.8762135437283459,0.8650573485102663,0.8701904972953827,0.8787676288902017,0.8814079334067729,0.8706809640810156,0.8563585558023582,0.8342727471847727,0.8274437350250462,0.9001441738985889,0.8723536610544335,0.9055617176856866,0.9140086187066215,0.9365769327518326,0.9224714755597323,0.904000635766003,0.9059959283351142,0.8737316222026118,0.8676824218070253,0.826523182401012,0.8797409239771918,0.8936151206226383,0.9118150209265252,0.9118864280024976,0.9168810303675969,0.832107395864934,0.8976252040796194,0.8876311456904259,0.901970474010902,0.8953165532499261,0.8647239578807716,0.880933158521956,0.9071402981627529,0.9066201488198744,0.8846939178789359,0.8344372265923734,0.7073947687512246,0.5376371020506169]},"qmean_version":"4.3.1"},"title":"Modelling","endtime":"13-07-23 (09:35:01)","mod_engine":["ProMod3"],"ProMod3":{"version":"3.3.0"},"ProMod":null,"MODELLER":null,"SPDBV":null}}