{"modelling":{"id":"13e970d45ca6fcf79326da293d2b6de6e56bcba2","trg_seq":"PQITLWQRPLVIIKIEGQLKEALLDTGADDTVLEDINLPGKWKPKMIGGIGGFIKVRQYDQILIEICGKKAVGTVLVGPTPVNIIGRNMLTQLGCTLNF","tpl_seq":"PQITLWQRPLVTIKIGGQLKEALLDTGADDTVLEEMSLPGRWKPKMITGIGGFIKVRQYDQILIEICGHKAIGTVLVGPTPVNIIGRNMLTQIGCTLNF","pdb_id":"4qgi","chain":"A","method":"X-RAY DIFFRACTION","short_method":"X-ray","coverage":1.0,"resolution":1.8960000276565552,"description":"Protease","seq_sim":0.5851850509643555,"assembly_id":1,"score":2.114962100982666,"pred_lddt":0.9138522744178772,"seq_id":89.89898681640625,"found_by":"HHblits","oligo_state":"homo-dimer","comment":"e_value=6e-24, p_value=5e-28, score=134.7, ss_score=13.1, prob=99.9, gmqe_dist_const=0.9263963103294373, gmqe_reduced=-0.09612835943698883, gmqe_cb_packing=0.03581518679857254, gmqe_torsion=-0.5090323090553284, gmqe_ss_agreement=0.6482862234115601, gmqe_coverage=1.0, gmqe_seq_id=89.89898681640625, gmqe_seq_sim=0.585185170173645, gmqe_n_insertions=0, gmqe_n_deletions=0, gmqe_seqres_length=99, gmqe_seqres_coverage=1.0, gmqe_profile_aln_score=134.7, gmqe_avg_entropy=1.9389406442642212","offset":0,"afdb_struct_serve_idx":null,"starttime":"13-07-23 (10:17:38)","QMean":{"global_scores":{"qmean4_norm_score":0.7995906214918853,"qmean4_z_score":0.5037986261757403,"qmean6_norm_score":0.7938551842043094,"qmean6_z_score":0.2792027786001273,"interaction_norm_score":-0.02527753233197004,"interaction_z_score":0.03963317387289459,"cbeta_norm_score":-0.01428817819201739,"cbeta_z_score":0.1605457535600785,"packing_norm_score":-0.3074501290014296,"packing_z_score":-0.9371697191375175,"torsion_norm_score":-0.4325156254105662,"torsion_z_score":0.860980129019277,"ss_agreement_norm_score":0.6687422818080946,"ss_agreement_z_score":0.04072403975618159,"acc_agreement_norm_score":0.6212121212121212,"acc_agreement_z_score":-0.5066937443202642,"avg_local_score":0.8530105417245605,"avg_local_score_error":0.059},"local_scores":{"A":[0.8038238349343914,0.8258506299485517,0.8479450190649402,0.8580134599698039,0.8657137472671298,0.6491373345348358,0.7178504354370813,0.7777316394983158,0.9015601084551839,0.888291268125331,0.8946898170123779,0.8685953940526918,0.8838788353520982,0.8346664928680142,0.8698617585587427,0.7821891604907513,0.8306277340012548,0.7604317882115987,0.811043653791663,0.8106312602022759,0.8424138664146148,0.9251967552973138,0.9092161266963954,0.9107951149763047,0.8848641488238652,0.8724135464049498,0.8612289658945822,0.8741530530265357,0.877942833517377,0.9098405721820854,0.9304894132582588,0.9395647857420201,0.9098854483323927,0.8707525324173047,0.8390210436155006,0.8232727708914042,0.8135753276430493,0.8504089503628445,0.8103918941214382,0.7975515107068136,0.7650315068860143,0.8203757045516862,0.8183360130214048,0.8813316307130925,0.8366914362365286,0.8188835611687881,0.8551665006457463,0.8529744710442823,0.7529075602619831,0.7222455179526598,0.7184527870900165,0.8118997744799976,0.8206505758300093,0.846460762348943,0.8285278089859138,0.8740787167156089,0.8475425372907293,0.8666424630348902,0.8903702979356924,0.8897112896998949,0.8568639351054372,0.8859169314940601,0.8851908353005621,0.8964318706828901,0.8630213178844216,0.8873102059388396,0.8797447909523495,0.8315494918395442,0.820974076564769,0.8481572397232184,0.9117684340700483,0.9058986148410051,0.9230608788605661,0.9208837109783162,0.9434214506612694,0.9297015201064247,0.9288862587369918,0.9260235556986831,0.8870387164028778,0.8758685526212311,0.8311858483717098,0.8850077172083798,0.8987502399576639,0.9148051209055345,0.9157745881838242,0.9306522275774286,0.8412310245817457,0.9067770946519642,0.8963379872116902,0.9070940747177333,0.8995114779608693,0.8730802479994401,0.887073562526977,0.9061742681142726,0.912842275399773,0.8885573544524059,0.8438595449523855,0.7478099296296993,0.576988681006734],"B":[0.8324421847859763,0.8193270955942505,0.8455176894006852,0.8561241356313049,0.8603855362893625,0.6268489112970796,0.7127451079244527,0.7732991150185298,0.9004258664967554,0.885518494599208,0.8919154396790397,0.8629869225288088,0.8755039118416258,0.8340134460540026,0.8465730563793112,0.7528614663652682,0.843654559128475,0.7997142259148785,0.8338914779580755,0.8147798026811811,0.8423671678258396,0.9191144637416733,0.9088327938303322,0.9091436132465499,0.880252596325933,0.8735316044185514,0.8615807661463945,0.8705611699177814,0.875103894752232,0.9059969998811186,0.9270344567119223,0.9331521103740571,0.8975833966032231,0.8433483062835442,0.7999626489732133,0.767934804490042,0.7115731833111028,0.8274114817018747,0.819982078946052,0.8154893587501838,0.7820839639117267,0.8280777360875947,0.8450913814162749,0.8998026680898634,0.8534513638571617,0.830395348117373,0.8457000697992398,0.8518061024673604,0.7934776903548868,0.6995069286680252,0.7332533405586094,0.8003743687827086,0.8164656967029094,0.833444974301986,0.8257610546079943,0.8611669425613349,0.8342997136982176,0.8674770980807398,0.88255958202818,0.8766827656107774,0.8155258988403398,0.8719317346843327,0.8671288507107925,0.880872731826358,0.8555853763937289,0.8802794088682219,0.8730444532290191,0.8423606743597946,0.8291025640213314,0.8418257388457077,0.9048514439566857,0.8863848009494465,0.9023047429283073,0.9026919225524984,0.9316016254658499,0.9202325186785523,0.9109311055718652,0.9052403831367948,0.8630488115113466,0.8632188738192716,0.7980000381256152,0.8767211861444256,0.8948468330769959,0.9135926007528966,0.9099319106224645,0.9299533014493947,0.8414066197744149,0.9039777932651457,0.8954725578326784,0.9084980709528903,0.9000156094829797,0.8675188863535701,0.8916731317097332,0.9114413839133666,0.910437920600197,0.8896331187341922,0.8494867411340319,0.7306297722091347,0.5803033916060372]},"qmean_version":"4.3.1"},"title":"Modelling","endtime":"13-07-23 (10:17:44)","mod_engine":["ProMod3"],"ProMod3":{"version":"3.3.0"},"ProMod":null,"MODELLER":null,"SPDBV":null}}