{"modelling":{"id":"33f888e03a48c0174f83bb2397b9eabd3e76145f","trg_seq":"PQITLWQRPLVTIKIGGQLKEALLDTGADDTVLEDINLPGKWKPKMIGGIGGFIKVRQYDQILIEICGKKAIGTVLVGPTPVNIIGRNMLTQIGCTLNF","tpl_seq":"PQITLWKRPLVTIRIGGQLKEALLDTGADDTVLEEMNLPGKWKPKMIGGIGGFIKVRQYDQIPVEICGHKAIGTVLVGPTPVNIIGRNLLTQIGCTLNF","pdb_id":"4f74","chain":"B","method":"X-RAY DIFFRACTION","short_method":"X-ray","coverage":1.0,"resolution":2.200000047683716,"description":"Protease","seq_sim":0.5952860713005066,"assembly_id":1,"score":2.142484664916992,"pred_lddt":0.9160267114639282,"seq_id":91.919189453125,"found_by":"HHblits","oligo_state":"homo-dimer","comment":"e_value=5.2e-23, p_value=4.3e-27, score=129.7, ss_score=13.3, prob=99.8, gmqe_dist_const=0.9240135550498962, gmqe_reduced=-0.13992220163345337, gmqe_cb_packing=0.031986210495233536, gmqe_torsion=-0.5467354655265808, gmqe_ss_agreement=0.61691814661026, gmqe_coverage=1.0, gmqe_seq_id=91.919189453125, gmqe_seq_sim=0.5952861905097961, gmqe_n_insertions=0, gmqe_n_deletions=0, gmqe_seqres_length=99, gmqe_seqres_coverage=1.0, gmqe_profile_aln_score=129.7, gmqe_avg_entropy=1.9297127723693848","offset":0,"afdb_struct_serve_idx":null,"starttime":"13-07-23 (11:02:59)","QMean":{"global_scores":{"qmean4_norm_score":0.8295826396937511,"qmean4_z_score":1.2523287507104217,"qmean6_norm_score":0.801565513431835,"qmean6_z_score":0.4468307289026103,"interaction_norm_score":-0.024299287419971092,"interaction_z_score":-0.1260724331138806,"cbeta_norm_score":-0.01581902915274964,"cbeta_z_score":0.5004538983323722,"packing_norm_score":-0.33551013464595525,"packing_z_score":-0.531397945746971,"torsion_norm_score":-0.4950467360451033,"torsion_z_score":1.4015442495191859,"ss_agreement_norm_score":0.6344792092538843,"ss_agreement_z_score":-0.2087307957727254,"acc_agreement_norm_score":0.5505050505050505,"acc_agreement_z_score":-1.167822441385031,"avg_local_score":0.8383704157200659,"avg_local_score_error":0.059},"local_scores":{"A":[0.8285806896345824,0.712957736006818,0.8268331923187454,0.8267850304582958,0.8119924232371795,0.5885150635867015,0.6950908043270575,0.7548176754539698,0.8757111290987382,0.8681308380539802,0.883042110040242,0.8710886347572774,0.8770375957279695,0.8445037869664531,0.8655733452633344,0.8547232485422835,0.8311814583984714,0.7714743018268138,0.824429143555796,0.8265628384443311,0.8570985274794174,0.9190724052289772,0.8873067939232522,0.8876348821274354,0.8532788138851263,0.846095231482705,0.834290532464425,0.8533502209203697,0.8535236331935314,0.8923982258300209,0.9181131771603971,0.926117195792047,0.9029248154360168,0.8516065322488942,0.8394924962078696,0.826830852125163,0.8136477986141749,0.8443931292443994,0.8220409646483406,0.802434376648615,0.7761509097030537,0.8312889129074127,0.8247411521305871,0.8680532385130566,0.8313753524275725,0.7713886827480071,0.8184262423654082,0.8113039768922709,0.7704435650751731,0.6542382664878765,0.6558889856692492,0.7203210393123087,0.7250222729243004,0.7929841234530025,0.8138494322771623,0.8700477763837458,0.8336329223173995,0.8729095132984857,0.8778508392566212,0.8604029038076147,0.8246953280709455,0.8564202011152292,0.8606228896086358,0.8779579316929658,0.8627761686465963,0.8805971964094529,0.8498881205391122,0.8655543076282068,0.8403998582446759,0.8222688269819314,0.879528149467858,0.8421837153436861,0.8748877667700015,0.8953757039908932,0.9261060360134681,0.9157901860431427,0.9186670059774186,0.8978210056767465,0.8682474050136791,0.8507991020750792,0.7870227376100232,0.8595990879305115,0.8832611088523793,0.8952884003605523,0.901954531868579,0.912977217465133,0.8142950191245227,0.8921518296603747,0.8775082749445225,0.8918454275937452,0.8784535583131627,0.8436502417427464,0.8769185960655128,0.8838045441678313,0.8901194403679281,0.878236318815917,0.8296786395156317,0.6472094826256596,0.5020973740454024],"B":[0.7591322476264567,0.6781921036682707,0.8157783414683912,0.8194703857273101,0.8083239959317243,0.5823472790117495,0.6898962670422557,0.7527016755367069,0.8745790433180692,0.8665019731741723,0.8872845229054145,0.8735402838983117,0.8809146521413975,0.8458748089689847,0.8688196532142898,0.8606044044744674,0.8271878643540097,0.7864043970661072,0.8347537168292106,0.8312824540305308,0.8598430247578708,0.9245828227873275,0.8906226697234984,0.8894416011616855,0.8523076478759064,0.8452855304913538,0.8258013338863444,0.8631561932012635,0.8583319134777524,0.8941954378047439,0.9232230503555383,0.9335373788376123,0.9116454769123239,0.8662805619221791,0.8471333912404202,0.8322892404425077,0.7835211777636368,0.8261465389552041,0.8060848492242311,0.8068676178437768,0.784822672326426,0.8421010104946787,0.8417837971036632,0.8825669105989233,0.8478480610403547,0.8005177096395749,0.8409504122923047,0.8231404119737882,0.7496774553120957,0.6825037710529264,0.6443993661994196,0.7300307120680543,0.7333261301475318,0.8180105870554957,0.8394078932880233,0.8908210121856914,0.8474106246877888,0.8831461947667526,0.8880220046699417,0.8794158029938102,0.8359388146258055,0.8719624973002954,0.8684401378430651,0.8805817147407707,0.8616696774587298,0.8844387360101568,0.8561476590862398,0.8711910569006364,0.8412103981503584,0.8330198453946905,0.8980560719806853,0.8697885506965343,0.897136987072153,0.9107024229660189,0.9364356447534117,0.9242301370389095,0.926903432012038,0.8983178457798336,0.8611649453298335,0.8593592260389203,0.7978924466498161,0.8684336355832385,0.8920994908802439,0.9036549867947051,0.9073733527842436,0.9140243202887567,0.8137111969176873,0.8956603800721148,0.8854378568947914,0.8949318765148808,0.879695068769615,0.8524862582004273,0.874449469622641,0.876656560944653,0.8875904540899724,0.8733497063458895,0.831187833686151,0.6592490921732144,0.4613119605402364]},"qmean_version":"4.3.1"},"title":"Modelling","endtime":"13-07-23 (11:03:07)","mod_engine":["ProMod3"],"ProMod3":{"version":"3.3.0"},"ProMod":null,"MODELLER":null,"SPDBV":null}}